날짜,강수량
2020-03-01,0.2
2020-03-02,0.0
2020-03-03,0.0
2020-03-04,0.0
2020-03-05,0.0
2020-03-06,0.0
2020-03-07,0.0
2020-03-08,0.0
2020-03-09,0.0
2020-03-10,11.8
2020-03-11,0.0
2020-03-12,0.0
2020-03-13,0.5
2020-03-14,0.0
2020-03-15,0.0
2020-03-16,0.0
2020-03-17,0.0
2020-03-18,0.0
2020-03-19,0.0
2020-03-20,0.0
2020-03-21,0.0
2020-03-22,0.0
2020-03-23,0.0
2020-03-24,0.0
2020-03-25,0.0
2020-03-26,1.8
2020-03-27,2.0
2020-03-28,0.0
2020-03-29,0.0
2020-03-30,0.0
2020-03-31,0.0
2020-04-01,0.0
2020-04-02,0.0
2020-04-03,0.0
2020-04-04,0.0
2020-04-05,0.0
2020-04-06,0.0
2020-04-07,0.0
2020-04-08,0.0
2020-04-09,0.0
2020-04-10,0.0
2020-04-11,0.0
2020-04-12,0.0
2020-04-13,0.0
2020-04-14,0.0
2020-04-15,0.0
2020-04-16,0.0
2020-04-17,6.5
2020-04-18,0.0
2020-04-19,10.3
2020-04-20,0.1
2020-04-21,0.0
2020-04-22,0.0
2020-04-23,0.0
2020-04-24,0.0
2020-04-25,0.0
2020-04-26,0.0
2020-04-27,0.0
2020-04-28,0.0
2020-04-29,0.0
2020-04-30,0.0
2020-05-01,0.0
2020-05-02,0.0
2020-05-03,0.0
2020-05-04,0.0
2020-05-05,0.0
2020-05-06,0.0
2020-05-07,0.0
2020-05-08,2.3
2020-05-09,24.4
2020-05-10,1.3
2020-05-11,3.4
2020-05-12,0.7
2020-05-13,0.0
2020-05-14,0.0
2020-05-15,12.0
2020-05-16,2.5
2020-05-17,0.0
2020-05-18,29.8
2020-05-19,19.0
2020-05-20,0.0
2020-05-21,0.0
2020-05-22,0.0
2020-05-23,0.0
2020-05-24,14.5
2020-05-25,0.0
2020-05-26,1.5
2020-05-27,0.0
2020-05-28,0.0
2020-05-29,0.0
2020-05-30,0.0
2020-05-31,1.0
2020-06-01,0.4
2020-06-02,2.0
2020-06-03,0.0
2020-06-04,0.2
2020-06-05,0.0
2020-06-06,0.0
2020-06-07,0.0
2020-06-08,0.0
2020-06-09,0.0
2020-06-10,6.2
2020-06-11,0.0
2020-06-12,0.0
2020-06-13,0.0
2020-06-14,1.1
2020-06-15,0.0
2020-06-16,0.0
2020-06-17,0.0
2020-06-18,0.0
2020-06-19,0.1
2020-06-20,0.0
2020-06-21,0.0
2020-06-22,0.0
2020-06-23,0.0
2020-06-24,37.6
2020-06-25,13.3
2020-06-26,2.1
2020-06-27,0.0
2020-06-28,0.0
2020-06-29,11.9
2020-06-30,64.7
2020-07-01,0.0
2020-07-02,0.0
2020-07-03,0.1
2020-07-04,1.6
2020-07-05,0.0
2020-07-06,0.0
2020-07-07,0.0
2020-07-08,0.0
2020-07-09,0.0
2020-07-10,2.2
2020-07-11,0.0
2020-07-12,2.9
2020-07-13,47.6
2020-07-14,11.5
2020-07-15,0.0
2020-07-16,0.0
2020-07-17,0.0
2020-07-18,0.0
2020-07-19,29.1
2020-07-20,3.6
2020-07-21,0.0
2020-07-22,11.5
2020-07-23,103.1
2020-07-24,2.9
2020-07-25,0.0
2020-07-26,0.0
2020-07-27,2.2
2020-07-28,0.4
2020-07-29,50.1
2020-07-30,0.1
2020-07-31,1.5
2020-08-01,39.1
2020-08-02,31.4
2020-08-03,102.6
2020-08-04,3.9
2020-08-05,18.5
2020-08-06,75.7
2020-08-07,0.0
2020-08-08,19.1
2020-08-09,50.3
2020-08-10,44.6
2020-08-11,97.0
2020-08-12,0.0
2020-08-13,0.0
2020-08-14,0.4
2020-08-15,69.0
2020-08-16,0.0
2020-08-17,0.0
2020-08-18,0.0
2020-08-19,0.0
2020-08-20,0.0
2020-08-21,2.5
2020-08-22,42.6
2020-08-23,0.0
2020-08-24,0.0
2020-08-25,0.0
2020-08-26,0.6
2020-08-27,8.7
2020-08-28,13.6
2020-08-29,13.6
2020-08-30,42.5
2020-08-31,0.0
2020-09-01,0.0
2020-09-02,33.3
2020-09-03,29.8
2020-09-04,0.0
2020-09-05,0.0
2020-09-06,6.4
2020-09-07,61.0
2020-09-08,0.0
2020-09-09,1.3
2020-09-10,3.9
2020-09-11,1.2
2020-09-12,5.7
2020-09-13,0.0
2020-09-14,0.0
2020-09-15,0.0
2020-09-16,0.3
2020-09-17,0.0
2020-09-18,0.0
2020-09-19,0.3
2020-09-20,0.0
2020-09-21,0.0
2020-09-22,0.0
2020-09-23,0.0
2020-09-24,0.0
2020-09-25,0.0
2020-09-26,0.0
2020-09-27,0.0
2020-09-28,0.0
2020-09-29,0.0
2020-09-30,38.3
2020-10-01,0.0
2020-10-02,0.0
2020-10-03,0.0
2020-10-04,0.0
2020-10-05,0.0
2020-10-06,0.0
2020-10-07,0.0
2020-10-08,0.0
2020-10-09,0.0
2020-10-10,0.0
2020-10-11,0.0
2020-10-12,0.0
2020-10-13,0.0
2020-10-14,0.0
2020-10-15,0.0
2020-10-16,0.0
2020-10-17,0.0
2020-10-18,0.0
2020-10-19,0.0
2020-10-20,0.0
2020-10-21,0.0
2020-10-22,0.0
2020-10-23,0.0
2020-10-24,0.0
2020-10-25,0.0
2020-10-26,0.0
2020-10-27,0.0
2020-10-28,0.0
2020-10-29,0.0
2020-10-30,0.0
2020-10-31,0.0
